customer_id,description,stock_code,invoice_no,quantity,sales,unit_price
13571,Pet Hair Remover,23203,565971,1,12.48,12.48
13571,Sheba Perfect Portions Pat Wet Cat Food,22197,565971,2,10.2,5.1
14646,Milk-Bone MaroSnacks Dog Treats with Real Bone,22386,565967,4,49.92,12.48
13577,Earth Rated Dog Poop Bags,85099B,565990,4,49.92,12.48
13577,Milk-Bone MaroSnacks Dog Treats with Real Bone,22386,565990,2,24.96,12.48
13577,Pet Hair Remover,23203,565990,2,24.96,12.48
13013,ChomChom Pet Hair Remover - Reusable Cat and Dog Hair Remover,22114,565993,2,51,25.5
16076,Dog and Puppy Pads,85123A,565995,1,17.7,17.7
16076,Pet Grooming Brush,20725,565995,1,9.9,9.9
16076,Purina ONE SmartBlend Natural Adult Chicken 10lb,23298,565995,1,29.7,29.7
16076,Rechargeable Pet Nail Grinder,22960,565995,1,25.5,25.5
16426,Earth Rated Dog Poop Bags,85099B,566008,1,12.48,12.48
16426,Milk-Bone MaroSnacks Dog Treats with Real Bone,22386,566008,1,12.48,12.48
17004,Milk-Bone MaroSnacks Dog Treats with Real Bone,22386,566013,2,24.96,12.48
17004,Pet Hair Remover,23203,566013,4,49.92,12.48
13330,Milk-Bone MaroSnacks Dog Treats with Real Bone,22386,566017,2,24.96,12.48
13137,Earth Rated Dog Poop Bags,85099B,566018,1,12.48,12.48
13137,Milk-Bone MaroSnacks Dog Treats with Real Bone,22386,566018,1,12.48,12.48
13137,Pet Grooming Brush,20725,566018,1,9.9,9.9
13137,Pet Hair Remover,23203,566018,1,12.48,12.48
17243,NexGard Chew for Dogs,82484,566019,1,47.7,47.7
12955,Pet Odor Eliminator,84879,566023,8,81.12,10.14
13871,Earth Rated Dog Poop Bags,85099B,566024,2,24.96,12.48
13871,Pet Hair Remover,23203,566024,2,24.96,12.48
13871,UltraSound Dog Barking Deterrent,22720,566024,1,29.7,29.7
17634,Sheba Perfect Portions Pat Wet Cat Food,22197,566025,1,5.1,5.1
15618,Pet Odor Eliminator,84879,566027,2,20.28,10.14
16031,Sheba Perfect Portions Pat Wet Cat Food,22197,566033,1,5.1,5.1
12839,Pet Hair Remover,23203,566035,2,24.96,12.48
12839,Sheba Perfect Portions Pat Wet Cat Food,22197,566035,2,10.2,5.1
12540,Taste of the Wild High Prairie Grain-Free Dry Dog Food 40lb,22423,566040,1,76.5,76.5
14223,Taste of the Wild High Prairie Grain-Free Dry Dog Food 40lb,22423,566039,1,76.5,76.5
17811,UltraSound Dog Barking Deterrent,22720,566042,1,29.7,29.7
13769,ChomChom Pet Hair Remover - Reusable Cat and Dog Hair Remover,22114,566043,1,25.5,25.5
13769,Dog and Puppy Pads,85123A,566043,1,17.7,17.7
16558,Pet Hair Remover,23203,566048,2,24.96,12.48
16558,Purina ONE SmartBlend Natural Adult Chicken 10lb,23298,566048,1,29.7,29.7
16558,Rechargeable Pet Nail Grinder,22960,566048,1,25.5,25.5
15730,UltraSound Dog Barking Deterrent,22720,566049,1,29.7,29.7
13854,Pet Odor Eliminator,84879,566050,3,30.42,10.14
13854,Taste of the Wild High Prairie Grain-Free Dry Dog Food 40lb,22423,566050,3,197.1,65.7
14410,Rechargeable Pet Nail Grinder,22960,566053,1,25.5,25.5
17997,ChomChom Pet Hair Remover - Reusable Cat and Dog Hair Remover,22114,566057,1,25.5,25.5
,Dog and Puppy Pads,85123A,566060,1,34.74,34.74
,Earth Rated Dog Poop Bags,85099B,566060,2,49.56,24.78
,Litter Slide Multi-Cat Scented Clumping Clay Cat Litter,22086,566060,1,34.74,34.74
,NexGard Chew for Dogs,82484,566060,1,99.78,99.78
,Pet Grooming Brush,20725,566060,1,24.78,24.78
,Pet Hair Remover,23203,566060,1,24.78,24.78
,Rechargeable Pet Nail Grinder,22960,566060,1,49.74,49.74
,Sheba Perfect Portions Pat Wet Cat Food,22197,566060,1,9.78,9.78
,Taste of the Wild High Prairie Grain-Free Dry Dog Food 40lb,22423,566060,1,149.76,149.76
13267,NexGard Chew for Dogs,82484,566061,1,47.7,47.7
13267,ProBiotic Supplements for Dogs,79321,566061,1,34.5,34.5
14562,ChomChom Pet Hair Remover - Reusable Cat and Dog Hair Remover,22114,566073,1,25.5,25.5
14562,"Memory Foam Pet Beds for Small, Medium, and Large Dogs and Cats",47566,566073,1,29.7,29.7
14562,Purina ONE SmartBlend Natural Adult Chicken 10lb,23298,566073,1,29.7,29.7
16173,Purina ONE SmartBlend Natural Adult Chicken 10lb,23298,566075,1,29.7,29.7
17593,Purina ONE SmartBlend Natural Adult Chicken 10lb,23298,566079,2,59.4,29.7
16293,"Memory Foam Pet Beds for Small, Medium, and Large Dogs and Cats",47566,566081,1,29.7,29.7
16293,Purina ONE SmartBlend Natural Adult Chicken 10lb,23298,566081,1,29.7,29.7
17841,Pet Grooming Brush,20725,566085,1,9.9,9.9
13319,Pet Grooming Brush,20725,566087,2,19.8,9.9
13319,Pet Odor Eliminator,84879,566087,3,30.42,10.14
13319,Purina ONE SmartBlend Natural Adult Chicken 10lb,23298,566087,2,59.4,29.7
13319,Rechargeable Pet Nail Grinder,22960,566087,1,25.5,25.5
13823,NexGard Chew for Dogs,82484,566092,2,81,40.5
13823,Pet Odor Eliminator,84879,566092,2,20.28,10.14
17965,Sheba Perfect Portions Pat Wet Cat Food,22197,566094,2,10.2,5.1
,Templation Soft Cat Treats,23084,566122,-80,0,0
15039,Pet Grooming Brush,20725,566123,4,39.6,9.9
15039,Sheba Perfect Portions Pat Wet Cat Food,22197,566123,2,10.2,5.1
15039,Taste of the Wild High Prairie Grain-Free Dry Dog Food 40lb,22423,566123,1,76.5,76.5
16515,Pet Odor Eliminator,84879,566124,2,20.28,10.14
,ChomChom Pet Hair Remover - Reusable Cat and Dog Hair Remover,22114,566164,2,109.56,54.78
,"Memory Foam Pet Beds for Small, Medium, and Large Dogs and Cats",47566,566164,7,453.18,64.74
,ProBiotic Supplements for Dogs,79321,566164,1,74.76,74.76
,Purina ONE SmartBlend Natural Adult Chicken 10lb,23298,566164,2,129.48,64.74
,Sheba Perfect Portions Pat Wet Cat Food,22197,566164,3,29.34,9.78
,Taste of the Wild High Prairie Grain-Free Dry Dog Food 40lb,22423,566164,1,149.76,149.76
14911,Taste of the Wild High Prairie Grain-Free Dry Dog Food 40lb,22423,,0,0,76.5
17865,Taste of the Wild High Prairie Grain-Free Dry Dog Food 40lb,22423,,0,0,76.5
18118,Dog and Puppy Pads,85123A,566171,1,17.7,17.7
18118,Pet Grooming Brush,20725,566171,1,9.9,9.9
12787,ChomChom Pet Hair Remover - Reusable Cat and Dog Hair Remover,22114,566173,1,25.5,25.5
17001,Earth Rated Dog Poop Bags,85099B,566172,4,49.92,12.48
17001,Pet Hair Remover,23203,566172,4,49.92,12.48
18237,Purina ONE SmartBlend Natural Adult Chicken 10lb,23298,566175,1,29.7,29.7
12748,"Memory Foam Pet Beds for Small, Medium, and Large Dogs and Cats",47566,566190,1,29.7,29.7
14388,Pet Hair Remover,23203,566191,2,24.96,12.48
14388,Taste of the Wild High Prairie Grain-Free Dry Dog Food 40lb,22423,566191,1,76.5,76.5
14961,Pet Grooming Brush,20725,566193,4,39.6,9.9
14961,Taste of the Wild High Prairie Grain-Free Dry Dog Food 40lb,22423,566193,1,76.5,76.5
14961,UltraSound Dog Barking Deterrent,22720,566193,1,29.7,29.7
14711,Dog and Puppy Pads,85123A,566194,1,17.7,17.7
14711,Pet Grooming Brush,20725,566194,1,9.9,9.9
14711,Pet Odor Eliminator,84879,566194,2,20.28,10.14
12433,ChomChom Pet Hair Remover - Reusable Cat and Dog Hair Remover,22114,566195,2,51,25.5
12433,Sheba Perfect Portions Pat Wet Cat Food,22197,566195,17,73.44,4.32
12433,UltraSound Dog Barking Deterrent,22720,566195,3,76.5,25.5
14180,NexGard Chew for Dogs,82484,566196,1,47.7,47.7
14824,Earth Rated Dog Poop Bags,85099B,566199,5,62.4,12.48
14824,Milk-Bone MaroSnacks Dog Treats with Real Bone,22386,566199,4,49.92,12.48
16910,Dog and Puppy Pads,85123A,566200,1,17.7,17.7
16910,Sheba Perfect Portions Pat Wet Cat Food,22197,566200,1,5.1,5.1
15652,"Memory Foam Pet Beds for Small, Medium, and Large Dogs and Cats",47566,566202,1,29.7,29.7
15652,Purina ONE SmartBlend Natural Adult Chicken 10lb,23298,566202,1,29.7,29.7
16362,Pet Hair Remover,23203,566203,1,12.48,12.48
14628,Dog and Puppy Pads,85123A,566204,4,70.8,17.7
14895,Litter Slide Multi-Cat Scented Clumping Clay Cat Litter,22086,566213,3,53.1,17.7
17426,Litter Slide Multi-Cat Scented Clumping Clay Cat Litter,22086,566219,1,17.7,17.7
17426,UltraSound Dog Barking Deterrent,22720,566219,1,29.7,29.7
,Earth Rated Dog Poop Bags,85099B,566221,1,24.78,24.78
,Litter Slide Multi-Cat Scented Clumping Clay Cat Litter,22086,566221,1,34.74,34.74
,"Memory Foam Pet Beds for Small, Medium, and Large Dogs and Cats",47566,566221,1,64.74,64.74
,Milk-Bone MaroSnacks Dog Treats with Real Bone,22386,566221,2,49.56,24.78
,Pet Grooming Brush,20725,566221,1,24.78,24.78
,Pet Hair Remover,23203,566221,1,24.78,24.78
,Rechargeable Pet Nail Grinder,22960,566221,1,49.74,49.74
,Sheba Perfect Portions Pat Wet Cat Food,22197,566221,1,9.78,9.78
,Templation Soft Cat Treats,23084,566221,1,24.78,24.78
,UltraSound Dog Barking Deterrent,22720,566221,1,64.74,64.74
16899,NexGard Chew for Dogs,82484,566225,1,47.7,47.7
16899,Pet Grooming Brush,20725,566225,1,9.9,9.9
14258,Milk-Bone MaroSnacks Dog Treats with Real Bone,22386,566227,17,182.58,10.74
15159,Canned Cat Food,21137,566232,4,81.36,20.34
12635,UltraSound Dog Barking Deterrent,22720,566233,1,29.7,29.7
15035,Dog and Puppy Pads,85123A,566234,2,35.4,17.7
15636,Dog and Puppy Pads,85123A,566235,3,53.1,17.7
15636,NexGard Chew for Dogs,82484,566235,1,47.7,47.7
16384,Taste of the Wild High Prairie Grain-Free Dry Dog Food 40lb,22423,566236,1,76.5,76.5
17377,Dog and Puppy Pads,85123A,566238,1,17.7,17.7
17377,Milk-Bone MaroSnacks Dog Treats with Real Bone,22386,566238,1,12.48,12.48
17377,Pet Hair Remover,23203,566238,1,12.48,12.48
14665,Canned Cat Food,21137,566239,1,22.5,22.5
14508,Earth Rated Dog Poop Bags,85099B,566240,1,12.48,12.48
14508,Taste of the Wild High Prairie Grain-Free Dry Dog Food 40lb,22423,566240,1,76.5,76.5
13941,ProBiotic Supplements for Dogs,79321,566246,8,237.6,29.7
16107,Dog and Puppy Pads,85123A,566247,6,91.8,15.3
16107,"Memory Foam Pet Beds for Small, Medium, and Large Dogs and Cats",47566,566247,4,118.8,29.7
16107,UltraSound Dog Barking Deterrent,22720,566247,6,153,25.5
13272,ChomChom Pet Hair Remover - Reusable Cat and Dog Hair Remover,22114,566248,1,25.5,25.5
13272,UltraSound Dog Barking Deterrent,22720,566248,1,29.7,29.7
13527,Pet Odor Eliminator,84879,566249,2,20.28,10.14
13527,Purina ONE SmartBlend Natural Adult Chicken 10lb,23298,566249,1,29.7,29.7
15587,Canned Cat Food,21137,566250,12,244.08,20.34
13993,Rechargeable Pet Nail Grinder,22960,566254,1,25.5,25.5
13324,Taste of the Wild High Prairie Grain-Free Dry Dog Food 40lb,22423,566255,3,197.1,65.7
13324,Taste of the Wild High Prairie Grain-Free Dry Dog Food 40lb,22423,566257,6,394.2,65.7
13124,Pet Grooming Brush,20725,566258,2,19.8,9.9
13124,Pet Hair Remover,23203,566258,1,12.48,12.48
13124,Pet Odor Eliminator,84879,566258,7,70.98,10.14
13124,Taste of the Wild High Prairie Grain-Free Dry Dog Food 40lb,22423,566258,1,76.5,76.5
17317,Litter Slide Multi-Cat Scented Clumping Clay Cat Litter,22086,566259,20,306,15.3
13372,Taste of the Wild High Prairie Grain-Free Dry Dog Food 40lb,22423,566261,1,76.5,76.5
13372,UltraSound Dog Barking Deterrent,22720,566261,1,29.7,29.7
15527,Earth Rated Dog Poop Bags,85099B,566262,5,62.4,12.48
15527,Taste of the Wild High Prairie Grain-Free Dry Dog Food 40lb,22423,566262,1,76.5,76.5
18255,Dog and Puppy Pads,85123A,566265,1,17.7,17.7
17299,"Memory Foam Pet Beds for Small, Medium, and Large Dogs and Cats",47566,566266,1,29.7,29.7
17299,Pet Odor Eliminator,84879,566266,7,70.98,10.14
16523,Litter Slide Multi-Cat Scented Clumping Clay Cat Litter,22086,566270,1,17.7,17.7
14250,Litter Slide Multi-Cat Scented Clumping Clay Cat Litter,22086,566271,1,17.7,17.7
14250,Purina ONE SmartBlend Natural Adult Chicken 10lb,23298,566271,1,29.7,29.7
14250,Rechargeable Pet Nail Grinder,22960,566271,1,25.5,25.5
14250,UltraSound Dog Barking Deterrent,22720,566271,1,29.7,29.7
14487,Milk-Bone MaroSnacks Dog Treats with Real Bone,22386,566272,1,12.48,12.48
14720,UltraSound Dog Barking Deterrent,22720,566273,1,29.7,29.7
13884,Dog and Puppy Pads,85123A,566274,1,17.7,17.7
16549,Dog and Puppy Pads,85123A,566275,1,17.7,17.7
13614,Taste of the Wild High Prairie Grain-Free Dry Dog Food 40lb,22423,566278,1,76.5,76.5
14432,Dog and Puppy Pads,85123A,566279,1,17.7,17.7
14432,"Memory Foam Pet Beds for Small, Medium, and Large Dogs and Cats",47566,566279,1,29.7,29.7
14432,Purina ONE SmartBlend Natural Adult Chicken 10lb,23298,566279,1,29.7,29.7
12748,Litter Slide Multi-Cat Scented Clumping Clay Cat Litter,22086,566281,3,53.1,17.7
12748,Pet Hair Remover,23203,566281,2,24.96,12.48
12748,UltraSound Dog Barking Deterrent,22720,566281,1,29.7,29.7
15782,Litter Slide Multi-Cat Scented Clumping Clay Cat Litter,22086,566282,7,107.1,15.3
17838,Rechargeable Pet Nail Grinder,22960,566283,1,25.5,25.5
14825,Earth Rated Dog Poop Bags,85099B,566284,2,24.96,12.48
14825,Litter Slide Multi-Cat Scented Clumping Clay Cat Litter,22086,566284,2,35.4,17.7
14825,Milk-Bone MaroSnacks Dog Treats with Real Bone,22386,566284,2,24.96,12.48
14825,Pet Hair Remover,23203,566284,2,24.96,12.48
14057,Earth Rated Dog Poop Bags,85099B,566286,2,24.96,12.48
17218,Taste of the Wild High Prairie Grain-Free Dry Dog Food 40lb,22423,566287,1,76.5,76.5
12883,UltraSound Dog Barking Deterrent,22720,566288,1,29.7,29.7
14456,Dog and Puppy Pads,85123A,566290,1,17.7,17.7
14456,Earth Rated Dog Poop Bags,85099B,566290,1,12.48,12.48
14456,"Memory Foam Pet Beds for Small, Medium, and Large Dogs and Cats",47566,566290,1,29.7,29.7
14456,Milk-Bone MaroSnacks Dog Treats with Real Bone,22386,566290,1,12.48,12.48
14456,Pet Grooming Brush,20725,566290,1,9.9,9.9
14456,Pet Hair Remover,23203,566290,1,12.48,12.48
14456,Purina ONE SmartBlend Natural Adult Chicken 10lb,23298,566290,1,29.7,29.7
14456,Sheba Perfect Portions Pat Wet Cat Food,22197,566290,1,5.1,5.1
12965,ChomChom Pet Hair Remover - Reusable Cat and Dog Hair Remover,22114,566291,1,25.5,25.5
12965,NexGard Chew for Dogs,82484,566291,1,47.7,47.7
12965,Purina ONE SmartBlend Natural Adult Chicken 10lb,23298,566291,1,29.7,29.7
12965,UltraSound Dog Barking Deterrent,22720,566291,1,29.7,29.7
13381,Pet Odor Eliminator,84879,566292,3,30.42,10.14
13381,UltraSound Dog Barking Deterrent,22720,566292,1,29.7,29.7
14533,Sheba Perfect Portions Pat Wet Cat Food,22197,566293,17,73.44,4.32
15533,ChomChom Pet Hair Remover - Reusable Cat and Dog Hair Remover,22114,566294,1,25.5,25.5
15533,"Memory Foam Pet Beds for Small, Medium, and Large Dogs and Cats",47566,566294,1,29.7,29.7
17841,ProBiotic Supplements for Dogs,79321,566296,1,34.5,34.5
16794,Milk-Bone MaroSnacks Dog Treats with Real Bone,22386,566297,1,12.48,12.48
16794,Pet Grooming Brush,20725,566297,1,9.9,9.9
14030,Taste of the Wild High Prairie Grain-Free Dry Dog Food 40lb,22423,566298,1,76.5,76.5
16871,Litter Slide Multi-Cat Scented Clumping Clay Cat Litter,22086,566299,2,35.4,17.7
16474,Pet Grooming Brush,20725,566301,1,9.9,9.9
16474,Rechargeable Pet Nail Grinder,22960,566301,1,25.5,25.5
18158,Earth Rated Dog Poop Bags,85099B,566304,2,24.96,12.48
18158,Pet Grooming Brush,20725,566304,2,19.8,9.9
14110,ChomChom Pet Hair Remover - Reusable Cat and Dog Hair Remover,22114,566305,1,25.5,25.5
14110,Pet Hair Remover,23203,566305,2,24.96,12.48
14110,Sheba Perfect Portions Pat Wet Cat Food,22197,566305,2,10.2,5.1
14307,ChomChom Pet Hair Remover - Reusable Cat and Dog Hair Remover,22114,566307,1,23.7,23.7
14307,Litter Slide Multi-Cat Scented Clumping Clay Cat Litter,22086,566307,1,17.7,17.7
15865,Taste of the Wild High Prairie Grain-Free Dry Dog Food 40lb,22423,566308,1,76.5,76.5
13577,Earth Rated Dog Poop Bags,85099B,,-1,-12.48,12.48
16150,Pet Odor Eliminator,84879,566312,2,20.28,10.14
16150,UltraSound Dog Barking Deterrent,22720,566312,1,29.7,29.7
13375,ChomChom Pet Hair Remover - Reusable Cat and Dog Hair Remover,22114,566317,1,25.5,25.5
13375,Litter Slide Multi-Cat Scented Clumping Clay Cat Litter,22086,566317,7,107.1,15.3
13375,Pet Grooming Brush,20725,566317,2,19.8,9.9
13375,Pet Hair Remover,23203,566317,2,24.96,12.48
13375,Pet Odor Eliminator,84879,566317,2,20.28,10.14
13375,Taste of the Wild High Prairie Grain-Free Dry Dog Food 40lb,22423,566317,1,76.5,76.5
15971,Earth Rated Dog Poop Bags,85099B,566318,2,24.96,12.48
13431,Canned Cat Food,21137,566319,2,45,22.5
13431,Litter Slide Multi-Cat Scented Clumping Clay Cat Litter,22086,566319,4,70.8,17.7
13431,Taste of the Wild High Prairie Grain-Free Dry Dog Food 40lb,22423,566319,1,76.5,76.5
13983,Sheba Perfect Portions Pat Wet Cat Food,22197,566320,1,5.1,5.1
16211,Rechargeable Pet Nail Grinder,22960,566326,1,25.5,25.5
16211,Taste of the Wild High Prairie Grain-Free Dry Dog Food 40lb,22423,566326,3,197.1,65.7
16211,UltraSound Dog Barking Deterrent,22720,566326,1,29.7,29.7
,Templation Soft Cat Treats,23084,566327,1,0,0
17685,Litter Slide Multi-Cat Scented Clumping Clay Cat Litter,22086,566345,1,17.7,17.7
17685,ProBiotic Supplements for Dogs,79321,566345,4,118.8,29.7
15253,Dog and Puppy Pads,85123A,566361,2,35.4,17.7
13269,"Memory Foam Pet Beds for Small, Medium, and Large Dogs and Cats",47566,566393,2,59.4,29.7
13650,Dog and Puppy Pads,85123A,566394,2,35.4,17.7
13650,Pet Hair Remover,23203,566394,2,24.96,12.48
14952,Taste of the Wild High Prairie Grain-Free Dry Dog Food 40lb,22423,566395,3,197.1,65.7
14292,Sheba Perfect Portions Pat Wet Cat Food,22197,566396,2,10.2,5.1
14292,Taste of the Wild High Prairie Grain-Free Dry Dog Food 40lb,22423,566396,1,76.5,76.5
12884,Earth Rated Dog Poop Bags,85099B,566398,2,24.96,12.48
16141,Dog and Puppy Pads,85123A,566399,2,35.4,17.7
17139,Earth Rated Dog Poop Bags,85099B,566400,2,24.96,12.48
17139,Litter Slide Multi-Cat Scented Clumping Clay Cat Litter,22086,566400,1,17.7,17.7
17139,Pet Grooming Brush,20725,566400,2,19.8,9.9
17139,Pet Hair Remover,23203,566400,2,24.96,12.48
17139,Rechargeable Pet Nail Grinder,22960,566400,1,25.5,25.5
17139,Sheba Perfect Portions Pat Wet Cat Food,22197,566400,2,10.2,5.1
17139,Taste of the Wild High Prairie Grain-Free Dry Dog Food 40lb,22423,566400,1,76.5,76.5
16985,Dog and Puppy Pads,85123A,566403,11,168.3,15.3
16985,"Memory Foam Pet Beds for Small, Medium, and Large Dogs and Cats",47566,566403,1,29.7,29.7
17919,Litter Slide Multi-Cat Scented Clumping Clay Cat Litter,22086,566405,4,70.8,17.7
16984,ChomChom Pet Hair Remover - Reusable Cat and Dog Hair Remover,22114,566408,1,25.5,25.5
16984,"Memory Foam Pet Beds for Small, Medium, and Large Dogs and Cats",47566,566408,1,29.7,29.7
16984,Purina ONE SmartBlend Natural Adult Chicken 10lb,23298,566408,1,29.7,29.7
16984,Taste of the Wild High Prairie Grain-Free Dry Dog Food 40lb,22423,566408,1,76.5,76.5
16360,Litter Slide Multi-Cat Scented Clumping Clay Cat Litter,22086,566420,1,17.7,17.7
16360,Sheba Perfect Portions Pat Wet Cat Food,22197,566420,1,5.1,5.1
13309,ProBiotic Supplements for Dogs,79321,566424,1,34.5,34.5
16458,Dog and Puppy Pads,85123A,566425,1,17.7,17.7
16458,Earth Rated Dog Poop Bags,85099B,566425,4,49.92,12.48
16458,Pet Grooming Brush,20725,566425,2,19.8,9.9
15932,Pet Odor Eliminator,84879,566428,4,40.56,10.14
18180,Litter Slide Multi-Cat Scented Clumping Clay Cat Litter,22086,566431,1,17.7,17.7
15996,"Memory Foam Pet Beds for Small, Medium, and Large Dogs and Cats",47566,566438,1,29.7,29.7
15996,Purina ONE SmartBlend Natural Adult Chicken 10lb,23298,566438,1,29.7,29.7
15755,Dog and Puppy Pads,85123A,566440,1,17.7,17.7
15755,Earth Rated Dog Poop Bags,85099B,566440,2,24.96,12.48
17719,UltraSound Dog Barking Deterrent,22720,566441,1,29.7,29.7
14020,UltraSound Dog Barking Deterrent,22720,566444,1,29.7,29.7
,ChomChom Pet Hair Remover - Reusable Cat and Dog Hair Remover,22114,566446,1,49.74,49.74
,Dog and Puppy Pads,85123A,566446,1,34.74,34.74
,Earth Rated Dog Poop Bags,85099B,566446,2,49.56,24.78
,"Memory Foam Pet Beds for Small, Medium, and Large Dogs and Cats",47566,566446,1,64.74,64.74
,NexGard Chew for Dogs,82484,566446,1,99.78,99.78
,Pet Odor Eliminator,84879,566446,2,37.44,18.72
,Purina ONE SmartBlend Natural Adult Chicken 10lb,23298,566446,1,64.74,64.74
,Sheba Perfect Portions Pat Wet Cat Food,22197,566446,25,244.5,9.78
,Templation Soft Cat Treats,23084,566446,1,24.78,24.78
,UltraSound Dog Barking Deterrent,22720,566446,1,64.74,64.74
12989,Canned Cat Food,21137,566447,4,81.36,20.34
15673,Pet Hair Remover,23203,566450,2,24.96,12.48
15673,Sheba Perfect Portions Pat Wet Cat Food,22197,566450,3,15.3,5.1
18069,Dog and Puppy Pads,85123A,566451,1,17.7,17.7
18069,Earth Rated Dog Poop Bags,85099B,566451,1,12.48,12.48
18069,Milk-Bone MaroSnacks Dog Treats with Real Bone,22386,566451,1,12.48,12.48
18069,Pet Grooming Brush,20725,566451,1,9.9,9.9
18069,Pet Hair Remover,23203,566451,1,12.48,12.48
18069,ProBiotic Supplements for Dogs,79321,566451,1,34.5,34.5
16191,UltraSound Dog Barking Deterrent,22720,,0,0,29.7
18223,Earth Rated Dog Poop Bags,85099B,,0,0,12.48
14688,Earth Rated Dog Poop Bags,85099B,,-1,-12.48,12.48
14688,Pet Grooming Brush,20725,,-1,-9.9,9.9
14688,Purina ONE SmartBlend Natural Adult Chicken 10lb,23298,,-1,-29.7,29.7
14688,Sheba Perfect Portions Pat Wet Cat Food,22197,,-2,-10.2,5.1
13319,Taste of the Wild High Prairie Grain-Free Dry Dog Food 40lb,22423,,0,0,65.7
16670,Dog and Puppy Pads,85123A,,0,0,17.7
16187,"Memory Foam Pet Beds for Small, Medium, and Large Dogs and Cats",47566,,-1,-29.7,29.7
15136,Rechargeable Pet Nail Grinder,22960,,0,0,25.5
,Templation Soft Cat Treats,23084,566476,1,0,0
,Templation Soft Cat Treats,23084,566478,1,0,0
14359,Taste of the Wild High Prairie Grain-Free Dry Dog Food 40lb,22423,566477,1,76.5,76.5
13831,Dog and Puppy Pads,85123A,566479,6,91.8,15.3
15769,Milk-Bone MaroSnacks Dog Treats with Real Bone,22386,566481,34,365.16,10.74
16609,ChomChom Pet Hair Remover - Reusable Cat and Dog Hair Remover,22114,566482,1,25.5,25.5
16609,Dog and Puppy Pads,85123A,566482,2,35.4,17.7
16609,Earth Rated Dog Poop Bags,85099B,566482,2,24.96,12.48
16609,Pet Grooming Brush,20725,566482,2,19.8,9.9
16609,Pet Hair Remover,23203,566482,4,49.92,12.48
12940,Dog and Puppy Pads,85123A,566488,1,17.7,17.7
12940,"Memory Foam Pet Beds for Small, Medium, and Large Dogs and Cats",47566,566488,1,29.7,29.7
12940,NexGard Chew for Dogs,82484,566488,1,47.7,47.7
12940,Pet Odor Eliminator,84879,566488,2,20.28,10.14
12940,Taste of the Wild High Prairie Grain-Free Dry Dog Food 40lb,22423,566488,1,76.5,76.5
16814,Pet Odor Eliminator,84879,566489,6,60.84,10.14
16814,UltraSound Dog Barking Deterrent,22720,566489,1,29.7,29.7
,Purina Pro Plan Adult Sensitive Skin,23284,566493,1,0,0
17779,Dog and Puppy Pads,85123A,566518,1,17.7,17.7
17779,Earth Rated Dog Poop Bags,85099B,566518,1,12.48,12.48
17779,Milk-Bone MaroSnacks Dog Treats with Real Bone,22386,566518,2,24.96,12.48
17757,"Memory Foam Pet Beds for Small, Medium, and Large Dogs and Cats",47566,566520,1,29.7,29.7
,ChomChom Pet Hair Remover - Reusable Cat and Dog Hair Remover,22114,566534,3,164.34,54.78
,"Memory Foam Pet Beds for Small, Medium, and Large Dogs and Cats",47566,566534,3,194.22,64.74
,ProBiotic Supplements for Dogs,79321,566534,2,149.52,74.76
,Purina ONE SmartBlend Natural Adult Chicken 10lb,23298,566534,3,194.22,64.74
,Sheba Perfect Portions Pat Wet Cat Food,22197,566534,5,48.9,9.78
,Taste of the Wild High Prairie Grain-Free Dry Dog Food 40lb,22423,566534,1,149.76,149.76
13767,Taste of the Wild High Prairie Grain-Free Dry Dog Food 40lb,22423,566537,1,76.5,76.5
17228,Pet Grooming Brush,20725,566539,1,9.9,9.9
13136,"Memory Foam Pet Beds for Small, Medium, and Large Dogs and Cats",47566,566554,1,29.7,29.7
13136,Milk-Bone MaroSnacks Dog Treats with Real Bone,22386,566554,2,24.96,12.48
13136,Pet Hair Remover,23203,566554,4,49.92,12.48
13136,ProBiotic Supplements for Dogs,79321,566554,1,34.5,34.5
13136,Purina ONE SmartBlend Natural Adult Chicken 10lb,23298,566554,1,29.7,29.7
13136,Taste of the Wild High Prairie Grain-Free Dry Dog Food 40lb,22423,566554,1,76.5,76.5
14646,Litter Slide Multi-Cat Scented Clumping Clay Cat Litter,22086,566557,20,306,15.3
14646,Rechargeable Pet Nail Grinder,22960,566557,6,135,22.5
16353,ProBiotic Supplements for Dogs,79321,566556,8,237.6,29.7
18044,ChomChom Pet Hair Remover - Reusable Cat and Dog Hair Remover,22114,566559,1,25.5,25.5
18044,Taste of the Wild High Prairie Grain-Free Dry Dog Food 40lb,22423,566559,1,76.5,76.5
17092,Pet Hair Remover,23203,566560,2,24.96,12.48
18145,Earth Rated Dog Poop Bags,85099B,566561,2,24.96,12.48
18145,Pet Grooming Brush,20725,566561,2,19.8,9.9
18145,Rechargeable Pet Nail Grinder,22960,566561,2,45,22.5
18145,Sheba Perfect Portions Pat Wet Cat Food,22197,566561,4,20.4,5.1
18145,UltraSound Dog Barking Deterrent,22720,566561,1,29.7,29.7
17365,Litter Slide Multi-Cat Scented Clumping Clay Cat Litter,22086,566562,1,17.7,17.7
12909,Purina ONE SmartBlend Natural Adult Chicken 10lb,23298,566563,1,29.7,29.7
15522,Dog and Puppy Pads,85123A,566564,1,17.7,17.7
14096,Litter Slide Multi-Cat Scented Clumping Clay Cat Litter,22086,566566,1,34.74,34.74
14096,Rechargeable Pet Nail Grinder,22960,566566,1,49.74,49.74
16161,Pet Hair Remover,23203,566567,2,24.96,12.48
17037,ChomChom Pet Hair Remover - Reusable Cat and Dog Hair Remover,22114,566571,1,25.5,25.5
17037,Earth Rated Dog Poop Bags,85099B,566571,2,24.96,12.48
17037,Pet Hair Remover,23203,566571,2,24.96,12.48
17037,Pet Odor Eliminator,84879,566571,3,30.42,10.14
17037,Purina ONE SmartBlend Natural Adult Chicken 10lb,23298,566571,1,29.7,29.7
17037,Rechargeable Pet Nail Grinder,22960,566571,1,25.5,25.5
17037,UltraSound Dog Barking Deterrent,22720,566571,1,29.7,29.7
13488,Dog and Puppy Pads,85123A,566572,1,17.7,17.7
13488,Pet Odor Eliminator,84879,566572,2,20.28,10.14
17133,"Memory Foam Pet Beds for Small, Medium, and Large Dogs and Cats",47566,566575,9,224.1,24.9
13098,Dog and Puppy Pads,85123A,566576,6,91.8,15.3
13098,Earth Rated Dog Poop Bags,85099B,566576,17,182.58,10.74
13098,Milk-Bone MaroSnacks Dog Treats with Real Bone,22386,566576,17,182.58,10.74
13098,Pet Hair Remover,23203,566576,17,182.58,10.74
13098,ProBiotic Supplements for Dogs,79321,566576,8,237.6,29.7
13098,Taste of the Wild High Prairie Grain-Free Dry Dog Food 40lb,22423,566576,6,394.2,65.7
,Dog and Puppy Pads,85123A,566577,1,39.78,39.78
,Earth Rated Dog Poop Bags,85099B,566577,1,24.78,24.78
,Litter Slide Multi-Cat Scented Clumping Clay Cat Litter,22086,566577,1,39.78,39.78
,Milk-Bone MaroSnacks Dog Treats with Real Bone,22386,566577,2,49.56,24.78
,Rechargeable Pet Nail Grinder,22960,566577,1,49.74,49.74
,Templation Soft Cat Treats,23084,566577,1,24.78,24.78
,UltraSound Dog Barking Deterrent,22720,566577,1,64.74,64.74
12822,Litter Slide Multi-Cat Scented Clumping Clay Cat Litter,22086,566580,2,35.4,17.7
12822,Milk-Bone MaroSnacks Dog Treats with Real Bone,22386,566580,2,24.96,12.48
12822,Pet Grooming Brush,20725,566580,2,19.8,9.9
12822,Purina ONE SmartBlend Natural Adult Chicken 10lb,23298,566580,1,29.7,29.7
16081,Dog and Puppy Pads,85123A,566581,6,91.8,15.3
16081,Litter Slide Multi-Cat Scented Clumping Clay Cat Litter,22086,566581,1,17.7,17.7
16081,Pet Odor Eliminator,84879,566581,7,70.98,10.14
16081,Taste of the Wild High Prairie Grain-Free Dry Dog Food 40lb,22423,566581,1,76.5,76.5
13384,Pet Odor Eliminator,84879,566582,27,234.9,8.7
15343,NexGard Chew for Dogs,82484,566583,1,47.7,47.7
15343,Taste of the Wild High Prairie Grain-Free Dry Dog Food 40lb,22423,566583,1,76.5,76.5
16409,Pet Odor Eliminator,84879,566585,3,30.42,10.14
16409,Taste of the Wild High Prairie Grain-Free Dry Dog Food 40lb,22423,566585,1,76.5,76.5
14753,ChomChom Pet Hair Remover - Reusable Cat and Dog Hair Remover,22114,566589,1,23.7,23.7
14753,Earth Rated Dog Poop Bags,85099B,566589,2,24.96,12.48
14753,Litter Slide Multi-Cat Scented Clumping Clay Cat Litter,22086,566589,2,35.4,17.7
14753,Pet Grooming Brush,20725,566589,2,19.8,9.9
16036,Pet Hair Remover,23203,566591,2,24.96,12.48
15998,ChomChom Pet Hair Remover - Reusable Cat and Dog Hair Remover,22114,566599,1,25.5,25.5
15998,Dog and Puppy Pads,85123A,566599,1,17.7,17.7
15998,Purina ONE SmartBlend Natural Adult Chicken 10lb,23298,566599,1,29.7,29.7
15998,Taste of the Wild High Prairie Grain-Free Dry Dog Food 40lb,22423,566599,1,76.5,76.5
13704,"Memory Foam Pet Beds for Small, Medium, and Large Dogs and Cats",47566,566600,2,59.4,29.7
13704,Purina ONE SmartBlend Natural Adult Chicken 10lb,23298,566600,1,29.7,29.7
16469,Earth Rated Dog Poop Bags,85099B,566601,1,12.48,12.48
16469,Purina ONE SmartBlend Natural Adult Chicken 10lb,23298,566601,1,29.7,29.7
16469,Taste of the Wild High Prairie Grain-Free Dry Dog Food 40lb,22423,566601,1,76.5,76.5
,ChomChom Pet Hair Remover - Reusable Cat and Dog Hair Remover,22114,566602,1,49.74,49.74
,Litter Slide Multi-Cat Scented Clumping Clay Cat Litter,22086,566602,1,34.74,34.74
,Pet Hair Remover,23203,566602,1,24.78,24.78
,ProBiotic Supplements for Dogs,79321,566602,1,74.76,74.76
,Templation Soft Cat Treats,23084,566602,1,24.78,24.78
,Canned Cat Food,21137,566603,1,44.76,44.76
,NexGard Chew for Dogs,82484,566603,1,99.78,99.78
,Pet Grooming Brush,20725,566603,1,24.78,24.78
,Pet Hair Remover,23203,566603,1,24.78,24.78
16279,Litter Slide Multi-Cat Scented Clumping Clay Cat Litter,22086,566604,1,17.7,17.7
16279,Pet Hair Remover,23203,566604,2,24.96,12.48
16279,Pet Odor Eliminator,84879,566604,3,30.42,10.14
13263,ChomChom Pet Hair Remover - Reusable Cat and Dog Hair Remover,22114,566605,1,25.5,25.5
13263,Dog and Puppy Pads,85123A,566605,1,17.7,17.7
13263,Pet Grooming Brush,20725,566605,1,9.9,9.9
15194,ChomChom Pet Hair Remover - Reusable Cat and Dog Hair Remover,22114,566606,1,25.5,25.5
13032,Indoor Pet Camera,22502,566607,1,35.7,35.7
13032,"Memory Foam Pet Beds for Small, Medium, and Large Dogs and Cats",47566,566607,1,29.7,29.7
13032,Pet Grooming Brush,20725,566607,1,9.9,9.9
16229,Litter Slide Multi-Cat Scented Clumping Clay Cat Litter,22086,566612,2,35.4,17.7
16229,Purina ONE SmartBlend Natural Adult Chicken 10lb,23298,566612,2,59.4,29.7
,Templation Soft Cat Treats,23084,566615,58,0,0
12895,"Memory Foam Pet Beds for Small, Medium, and Large Dogs and Cats",47566,566616,1,29.7,29.7
18092,ChomChom Pet Hair Remover - Reusable Cat and Dog Hair Remover,22114,566617,8,180,22.5
18092,Taste of the Wild High Prairie Grain-Free Dry Dog Food 40lb,22423,566617,3,197.1,65.7
17640,Dog and Puppy Pads,85123A,566618,11,168.3,15.3
15845,Pet Odor Eliminator,84879,566621,3,30.42,10.14
17315,"Memory Foam Pet Beds for Small, Medium, and Large Dogs and Cats",47566,566624,2,59.4,29.7
14911,Dog and Puppy Pads,85123A,566625,1,17.7,17.7
14911,Pet Odor Eliminator,84879,566625,2,20.28,10.14
18229,Pet Grooming Brush,20725,566627,17,147.9,8.7
15622,ChomChom Pet Hair Remover - Reusable Cat and Dog Hair Remover,22114,566629,1,25.5,25.5
15622,Pet Hair Remover,23203,566629,4,49.92,12.48
13183,NexGard Chew for Dogs,82484,566634,1,47.7,47.7
18001,Litter Slide Multi-Cat Scented Clumping Clay Cat Litter,22086,566647,1,17.7,17.7
14198,Litter Slide Multi-Cat Scented Clumping Clay Cat Litter,22086,566648,1,17.7,17.7
18173,Litter Slide Multi-Cat Scented Clumping Clay Cat Litter,22086,566649,2,35.4,17.7
18065,ChomChom Pet Hair Remover - Reusable Cat and Dog Hair Remover,22114,566669,1,23.7,23.7
18065,Litter Slide Multi-Cat Scented Clumping Clay Cat Litter,22086,566669,1,17.7,17.7
17728,Pet Odor Eliminator,84879,566673,2,20.28,10.14
15105,Rechargeable Pet Nail Grinder,22960,566674,1,25.5,25.5
16401,Pet Grooming Brush,20725,566694,2,19.8,9.9
13552,Milk-Bone MaroSnacks Dog Treats with Real Bone,22386,566705,4,49.92,12.48
13078,Sheba Perfect Portions Pat Wet Cat Food,22197,566708,17,73.44,4.32
15933,Dog and Puppy Pads,85123A,566713,1,17.7,17.7
15933,"Memory Foam Pet Beds for Small, Medium, and Large Dogs and Cats",47566,566713,1,29.7,29.7
15933,Rechargeable Pet Nail Grinder,22960,566713,2,45,22.5
17841,ProBiotic Supplements for Dogs,79321,566717,1,34.5,34.5
15081,Dog and Puppy Pads,85123A,566719,1,17.7,17.7
13634,Dog and Puppy Pads,85123A,566720,1,17.7,17.7
13634,Earth Rated Dog Poop Bags,85099B,566720,1,12.48,12.48
13634,Taste of the Wild High Prairie Grain-Free Dry Dog Food 40lb,22423,566720,1,76.5,76.5
12921,Litter Slide Multi-Cat Scented Clumping Clay Cat Litter,22086,566721,1,17.7,17.7
13408,Pet Grooming Brush,20725,566722,2,19.8,9.9
13408,Rechargeable Pet Nail Grinder,22960,566722,2,45,22.5
14284,Litter Slide Multi-Cat Scented Clumping Clay Cat Litter,22086,566724,1,17.7,17.7
14284,Rechargeable Pet Nail Grinder,22960,566724,1,25.5,25.5
15021,NexGard Chew for Dogs,82484,566726,1,47.7,47.7
14562,Pet Grooming Brush,20725,566729,1,9.9,9.9
17883,"Memory Foam Pet Beds for Small, Medium, and Large Dogs and Cats",47566,566731,1,29.7,29.7
17716,Litter Slide Multi-Cat Scented Clumping Clay Cat Litter,22086,566732,2,35.4,17.7
17716,Milk-Bone MaroSnacks Dog Treats with Real Bone,22386,566732,2,24.96,12.48
17716,Pet Hair Remover,23203,566732,2,24.96,12.48
15103,Rechargeable Pet Nail Grinder,22960,566733,1,25.5,25.5
15103,UltraSound Dog Barking Deterrent,22720,566733,1,29.7,29.7
16910,Rechargeable Pet Nail Grinder,22960,566734,1,25.5,25.5
15707,Canned Cat Food,21137,566735,1,22.5,22.5
15707,NexGard Chew for Dogs,82484,566735,1,47.7,47.7
14110,Canned Cat Food,21137,566738,16,325.44,20.34
14110,"Memory Foam Pet Beds for Small, Medium, and Large Dogs and Cats",47566,566738,2,59.4,29.7
16150,UltraSound Dog Barking Deterrent,22720,,0,0,29.7
13321,Pet Odor Eliminator,84879,566746,3,30.42,10.14
14911,Sheba Perfect Portions Pat Wet Cat Food,22197,,0,0,5.1
,Earth Rated Dog Poop Bags,85099B,566757,1,24.78,24.78
,Litter Slide Multi-Cat Scented Clumping Clay Cat Litter,22086,566757,1,34.74,34.74
,Rechargeable Pet Nail Grinder,22960,566757,1,49.74,49.74
,Sheba Perfect Portions Pat Wet Cat Food,22197,566757,1,9.78,9.78
,Taste of the Wild High Prairie Grain-Free Dry Dog Food 40lb,22423,566757,1,149.76,149.76
16210,Canned Cat Food,21137,566759,12,244.08,20.34
15272,UltraSound Dog Barking Deterrent,22720,566760,1,29.7,29.7
18211,NexGard Chew for Dogs,82484,566769,1,47.7,47.7
15304,Taste of the Wild High Prairie Grain-Free Dry Dog Food 40lb,22423,566770,1,76.5,76.5
15322,"Memory Foam Pet Beds for Small, Medium, and Large Dogs and Cats",47566,566771,1,29.7,29.7
15322,Pet Odor Eliminator,84879,566771,4,40.56,10.14
12444,UltraSound Dog Barking Deterrent,22720,566773,1,29.7,29.7
12921,Litter Slide Multi-Cat Scented Clumping Clay Cat Litter,22086,566774,1,17.7,17.7
14911,Sheba Perfect Portions Pat Wet Cat Food,22197,566776,4,20.4,5.1
13539,Earth Rated Dog Poop Bags,85099B,566783,2,24.96,12.48
13518,Litter Slide Multi-Cat Scented Clumping Clay Cat Litter,22086,566786,2,35.4,17.7
13518,"Memory Foam Pet Beds for Small, Medium, and Large Dogs and Cats",47566,566786,1,29.7,29.7
13518,Pet Odor Eliminator,84879,566786,3,30.42,10.14
,Dog and Puppy Pads,85123A,566787,1,39.78,39.78
,Earth Rated Dog Poop Bags,85099B,566787,2,49.56,24.78
